customer_id,first_name,last_name,email,created_at
1,Benjamin,Brown,benjamin.brown410@example.com,2024-08-22
2,Mia,Davis,mia.davis2287@example.com,2024-02-27
3,Chloe,White,chloe.white8936@example.com,2024-02-12
4,James,Wilson,james.wilson521@example.com,2023-12-15
5,Noah,Miller,noah.miller3812@example.com,2025-04-15
6,Luna,Smith,luna.smith9196@example.com,2024-06-05
7,Henry,Lee,henry.lee8929@example.com,2025-01-17
8,Mia,Anderson,mia.anderson9655@example.com,2024-08-25
9,Grace,Ramirez,grace.ramirez107@example.com,2024-04-26
10,Henry,Wilson,henry.wilson5575@example.com,2024-08-25
11,Sophia,Miller,sophia.miller5515@example.com,2024-02-27
12,Noah,Gonzalez,noah.gonzalez1585@example.com,2024-11-16
13,Hazel,Lopez,hazel.lopez9892@example.com,2024-08-11
14,Grace,Johnson,grace.johnson7528@example.com,2025-05-17
15,Liam,Robinson,liam.robinson6202@example.com,2024-02-03
16,Abigail,Martinez,abigail.martinez5926@example.com,2025-06-28
17,Isabella,Thompson,isabella.thompson1140@example.com,2023-12-31
18,Chloe,Davis,chloe.davis4742@example.com,2024-02-04
19,Hazel,Davis,hazel.davis1655@example.com,2024-12-08
20,Lucas,Anderson,lucas.anderson5978@example.com,2024-04-29
21,Harper,Lopez,harper.lopez3433@example.com,2025-10-01
22,Lucas,Thompson,lucas.thompson1170@example.com,2025-07-30
23,Benjamin,Garcia,benjamin.garcia8752@example.com,2024-07-22
24,Ava,Anderson,ava.anderson6217@example.com,2024-08-17
25,Scarlett,Lee,scarlett.lee9126@example.com,2024-06-26
26,Chloe,Hernandez,chloe.hernandez917@example.com,2024-07-06
27,Sebastian,Johnson,sebastian.johnson5169@example.com,2024-12-29
28,Lucas,Williams,lucas.williams3457@example.com,2025-06-17
29,Jack,Thompson,jack.thompson5156@example.com,2024-06-19
30,Benjamin,Thomas,benjamin.thomas6483@example.com,2025-09-03
31,Mason,Jones,mason.jones4340@example.com,2024-04-05
32,Mia,White,mia.white9198@example.com,2025-05-19
33,Lucas,White,lucas.white9578@example.com,2025-01-26
34,Jack,Jackson,jack.jackson6544@example.com,2024-11-19
35,Mia,Jones,mia.jones8349@example.com,2025-04-03
36,Noah,Harris,noah.harris772@example.com,2024-03-06
37,Sophia,Lee,sophia.lee2622@example.com,2025-10-11
38,Charlotte,Martin,charlotte.martin1041@example.com,2024-12-13
39,Elijah,Martin,elijah.martin7669@example.com,2025-05-09
40,Lucas,Moore,lucas.moore189@example.com,2025-10-11
41,Ella,Brown,ella.brown8798@example.com,2024-08-14
42,Alexander,Lee,alexander.lee5574@example.com,2024-03-08
43,Amelia,Wilson,amelia.wilson2592@example.com,2025-02-21
44,Olivia,White,olivia.white4316@example.com,2025-04-10
45,Alexander,Garcia,alexander.garcia8318@example.com,2024-03-02
46,Hazel,Lee,hazel.lee4890@example.com,2025-08-30
47,Logan,Martin,logan.martin3259@example.com,2024-04-19
48,Harper,Harris,harper.harris2647@example.com,2025-05-20
49,Alexander,Robinson,alexander.robinson8690@example.com,2023-11-15
50,Luna,Hernandez,luna.hernandez8006@example.com,2023-12-04
51,Liam,Robinson,liam.robinson5948@example.com,2024-09-24
52,Mia,Johnson,mia.johnson3947@example.com,2025-06-17
53,Noah,Williams,noah.williams7963@example.com,2024-01-24
54,Alexander,Moore,alexander.moore2061@example.com,2024-03-25
55,Chloe,Thomas,chloe.thomas9008@example.com,2024-05-02
56,Lucas,Taylor,lucas.taylor9939@example.com,2025-01-21
57,Isabella,Robinson,isabella.robinson8836@example.com,2025-10-21
58,Isabella,Thompson,isabella.thompson5108@example.com,2024-12-27
59,Chloe,Lee,chloe.lee6119@example.com,2025-02-05
60,Jack,Taylor,jack.taylor7398@example.com,2024-03-17
61,Mia,Davis,mia.davis1050@example.com,2024-10-26
62,Olivia,Jackson,olivia.jackson9076@example.com,2024-07-07
63,James,Davis,james.davis118@example.com,2024-01-26
64,Henry,Lee,henry.lee965@example.com,2024-07-06
65,Noah,Lewis,noah.lewis515@example.com,2024-10-18
66,Noah,Taylor,noah.taylor3900@example.com,2024-08-26
67,Chloe,Thomas,chloe.thomas3511@example.com,2025-05-20
68,Sophia,White,sophia.white9356@example.com,2025-06-27
69,Evelyn,Davis,evelyn.davis7750@example.com,2025-01-04
70,Isabella,Brown,isabella.brown1589@example.com,2025-09-19
71,Charlotte,Lopez,charlotte.lopez6940@example.com,2025-01-08
72,Mason,Ramirez,mason.ramirez888@example.com,2025-10-04
73,Benjamin,Lee,benjamin.lee1613@example.com,2024-01-16
74,Elijah,White,elijah.white5560@example.com,2024-03-05
75,Mia,Miller,mia.miller3117@example.com,2025-05-17
76,Mason,Jones,mason.jones6913@example.com,2024-05-20
77,Lucas,Anderson,lucas.anderson4093@example.com,2024-01-31
78,Mason,Sanchez,mason.sanchez9017@example.com,2024-02-23
79,Emma,Lee,emma.lee8857@example.com,2023-11-30
80,Noah,Robinson,noah.robinson3873@example.com,2024-05-03
81,Charlotte,Thomas,charlotte.thomas7887@example.com,2024-06-20
82,Hazel,Gonzalez,hazel.gonzalez961@example.com,2024-05-01
83,Elijah,Smith,elijah.smith6397@example.com,2024-08-12
84,Scarlett,Sanchez,scarlett.sanchez7455@example.com,2024-09-02
85,Charlotte,Thompson,charlotte.thompson9106@example.com,2025-09-22
86,Henry,Thomas,henry.thomas2537@example.com,2024-05-27
87,Amelia,Miller,amelia.miller959@example.com,2025-06-30
88,Ella,Moore,ella.moore999@example.com,2024-10-01
89,Emma,Johnson,emma.johnson9572@example.com,2025-03-17
90,Logan,Robinson,logan.robinson8702@example.com,2024-04-24
91,Emma,Taylor,emma.taylor1313@example.com,2024-05-23
92,Noah,Martin,noah.martin1114@example.com,2025-10-06
93,Hazel,Davis,hazel.davis6616@example.com,2024-03-16
94,Jack,Jackson,jack.jackson4034@example.com,2025-06-29
95,Luna,Johnson,luna.johnson1344@example.com,2025-01-17
96,Chloe,Jackson,chloe.jackson9261@example.com,2025-05-03
97,Ethan,Robinson,ethan.robinson4273@example.com,2024-06-11
98,Chloe,Thompson,chloe.thompson5148@example.com,2024-07-16
99,Lucas,Gonzalez,lucas.gonzalez2145@example.com,2025-10-02
100,Benjamin,Martinez,benjamin.martinez7492@example.com,2024-10-03
101,Scarlett,Harris,scarlett.harris1189@example.com,2023-11-24
102,Mason,Martin,mason.martin9225@example.com,2024-02-25
103,Noah,Moore,noah.moore3493@example.com,2025-04-16
104,Lucas,Jones,lucas.jones5719@example.com,2024-01-24
105,Jack,Davis,jack.davis6055@example.com,2024-09-01
106,Ava,Anderson,ava.anderson8901@example.com,2025-11-04
107,Amelia,Martin,amelia.martin8667@example.com,2023-11-23
108,Chloe,Clark,chloe.clark9087@example.com,2024-09-16
109,Scarlett,Perez,scarlett.perez1698@example.com,2024-03-31
110,Lucas,Brown,lucas.brown1754@example.com,2025-06-03
111,Sophia,Rodriguez,sophia.rodriguez4617@example.com,2025-07-26
112,Isabella,Thompson,isabella.thompson5618@example.com,2024-06-10
113,Chloe,Lee,chloe.lee4326@example.com,2025-04-15
114,Evelyn,Rodriguez,evelyn.rodriguez833@example.com,2024-02-17
115,Benjamin,Wilson,benjamin.wilson4534@example.com,2023-12-30
116,Olivia,Hernandez,olivia.hernandez2144@example.com,2025-08-28
117,Lucas,Garcia,lucas.garcia7240@example.com,2025-06-01
118,Henry,Wilson,henry.wilson9190@example.com,2023-11-24
119,Liam,Williams,liam.williams2443@example.com,2025-05-26
120,Emma,Clark,emma.clark6050@example.com,2025-07-03
121,Abigail,Jones,abigail.jones7042@example.com,2024-03-24
122,Emma,Martinez,emma.martinez5975@example.com,2023-12-25
123,Jack,Lopez,jack.lopez3442@example.com,2025-10-13
124,Mia,Perez,mia.perez1685@example.com,2024-11-11
125,Alexander,Moore,alexander.moore6659@example.com,2025-08-11
126,Ella,Jones,ella.jones3879@example.com,2024-04-29
127,Grace,Sanchez,grace.sanchez2901@example.com,2025-01-10
128,Olivia,Garcia,olivia.garcia5443@example.com,2025-01-09
129,Grace,Perez,grace.perez4066@example.com,2024-08-14
130,Ava,Sanchez,ava.sanchez1772@example.com,2024-12-10
131,Hazel,Johnson,hazel.johnson7712@example.com,2024-06-29
132,Isabella,Clark,isabella.clark7542@example.com,2024-11-07
133,Amelia,Clark,amelia.clark3729@example.com,2024-06-30
134,Olivia,Perez,olivia.perez3165@example.com,2024-12-27
135,Ethan,Rodriguez,ethan.rodriguez1138@example.com,2024-08-26
136,Harper,Lee,harper.lee8347@example.com,2024-12-28
137,Chloe,Clark,chloe.clark8786@example.com,2024-10-19
138,Olivia,Brown,olivia.brown4280@example.com,2024-05-15
139,James,Rodriguez,james.rodriguez627@example.com,2024-03-05
140,Luna,Wilson,luna.wilson5664@example.com,2024-10-01
141,Charlotte,Martin,charlotte.martin8380@example.com,2024-03-12
142,Elijah,Lewis,elijah.lewis9447@example.com,2024-05-27
143,Lucas,Johnson,lucas.johnson7145@example.com,2023-11-16
144,Logan,Robinson,logan.robinson8822@example.com,2025-10-18
145,Ella,White,ella.white3229@example.com,2024-11-21
146,Charlotte,Williams,charlotte.williams5410@example.com,2025-08-14
147,Ethan,Perez,ethan.perez2042@example.com,2024-09-17
148,Logan,Martinez,logan.martinez6692@example.com,2024-10-14
149,Elijah,Thompson,elijah.thompson4845@example.com,2025-06-04
150,Sophia,Miller,sophia.miller6889@example.com,2025-09-25
151,Elijah,Perez,elijah.perez2852@example.com,2025-08-06
152,James,Martinez,james.martinez6654@example.com,2025-05-29
153,Sebastian,Smith,sebastian.smith4979@example.com,2024-09-03
154,Isabella,Wilson,isabella.wilson9503@example.com,2025-07-28
155,Benjamin,Hernandez,benjamin.hernandez7619@example.com,2025-02-09
156,Mason,Perez,mason.perez3502@example.com,2025-04-21
157,Evelyn,Sanchez,evelyn.sanchez2781@example.com,2025-09-19
158,Noah,Martinez,noah.martinez8446@example.com,2025-09-24
159,Benjamin,Martin,benjamin.martin5492@example.com,2024-02-18
160,Sebastian,Harris,sebastian.harris3849@example.com,2025-10-03
161,Amelia,Davis,amelia.davis3263@example.com,2024-04-13
162,Olivia,Johnson,olivia.johnson4012@example.com,2025-03-15
163,Luna,Ramirez,luna.ramirez1194@example.com,2025-02-23
164,Charlotte,Lewis,charlotte.lewis9432@example.com,2024-06-01
165,Henry,Thompson,henry.thompson6292@example.com,2025-04-04
166,Elijah,Davis,elijah.davis2418@example.com,2025-09-16
167,Henry,Smith,henry.smith1747@example.com,2025-01-23
168,Mia,Garcia,mia.garcia8487@example.com,2025-03-04
169,Emma,Moore,emma.moore4083@example.com,2024-03-18
170,Mason,Jones,mason.jones7613@example.com,2025-09-28
171,Logan,Moore,logan.moore9756@example.com,2024-10-04
172,Alexander,Lewis,alexander.lewis7252@example.com,2025-08-03
173,Sebastian,White,sebastian.white8271@example.com,2025-01-24
174,Sebastian,Robinson,sebastian.robinson8977@example.com,2025-02-13
175,Jack,Garcia,jack.garcia7778@example.com,2025-02-17
176,Lucas,Harris,lucas.harris4051@example.com,2025-08-28
177,Lucas,Harris,lucas.harris8541@example.com,2025-03-25
178,Benjamin,Davis,benjamin.davis4500@example.com,2025-02-07
179,Noah,Thompson,noah.thompson4682@example.com,2024-07-12
180,Lucas,Hernandez,lucas.hernandez5239@example.com,2025-05-21
181,Noah,Jones,noah.jones2472@example.com,2024-07-08
182,Elijah,Thompson,elijah.thompson2504@example.com,2025-11-07
183,Isabella,Williams,isabella.williams6798@example.com,2025-01-05
184,Ethan,Moore,ethan.moore7634@example.com,2025-01-13
185,Emma,Miller,emma.miller6884@example.com,2024-12-17
186,Jack,Harris,jack.harris9570@example.com,2025-10-27
187,Olivia,Ramirez,olivia.ramirez9433@example.com,2024-12-08
188,Evelyn,Smith,evelyn.smith5764@example.com,2024-09-15
189,Alexander,Gonzalez,alexander.gonzalez6866@example.com,2025-05-19
190,Ella,White,ella.white8948@example.com,2025-07-24
191,Jack,Davis,jack.davis8000@example.com,2024-06-26
192,Lucas,Wilson,lucas.wilson7957@example.com,2023-12-14
193,Elijah,Hernandez,elijah.hernandez6625@example.com,2024-05-02
194,Sebastian,Anderson,sebastian.anderson2092@example.com,2025-08-13
195,Abigail,Smith,abigail.smith6456@example.com,2025-07-13
196,James,Perez,james.perez445@example.com,2024-02-08
197,Benjamin,Wilson,benjamin.wilson2224@example.com,2025-03-01
198,Ava,Johnson,ava.johnson4263@example.com,2024-12-07
199,Ethan,Miller,ethan.miller7450@example.com,2024-10-14
200,Ethan,Harris,ethan.harris6212@example.com,2024-08-25
201,Alexander,Clark,alexander.clark6907@example.com,2024-07-30
202,Sebastian,Williams,sebastian.williams7706@example.com,2023-12-04
203,Ella,Moore,ella.moore854@example.com,2024-11-07
204,Mia,Lee,mia.lee1125@example.com,2025-09-12
205,Emma,Harris,emma.harris509@example.com,2024-07-25
206,Isabella,Clark,isabella.clark334@example.com,2025-08-12
207,Sophia,Davis,sophia.davis2069@example.com,2025-03-13
208,Chloe,Brown,chloe.brown9241@example.com,2024-06-25
209,Mason,Thompson,mason.thompson4199@example.com,2024-11-26
210,Ava,Martin,ava.martin9950@example.com,2024-03-11
211,Alexander,Clark,alexander.clark2684@example.com,2024-09-28
212,Liam,Jackson,liam.jackson421@example.com,2024-09-29
213,James,Perez,james.perez6150@example.com,2024-12-25
214,Henry,Miller,henry.miller1246@example.com,2025-07-13
215,Henry,Clark,henry.clark3979@example.com,2024-02-27
216,Henry,Harris,henry.harris4942@example.com,2025-10-15
217,Luna,Sanchez,luna.sanchez1984@example.com,2025-06-16
218,Grace,Johnson,grace.johnson5689@example.com,2025-05-13
219,Charlotte,Perez,charlotte.perez6072@example.com,2024-01-24
220,Logan,Lee,logan.lee5591@example.com,2023-11-27
221,Hazel,Wilson,hazel.wilson8032@example.com,2024-03-02
222,Charlotte,Lopez,charlotte.lopez7533@example.com,2025-11-08
223,Sophia,Wilson,sophia.wilson2886@example.com,2025-05-02
224,Benjamin,Rodriguez,benjamin.rodriguez8818@example.com,2025-03-24
225,Mason,Wilson,mason.wilson9708@example.com,2024-08-15
226,Ethan,Ramirez,ethan.ramirez4023@example.com,2024-02-11
227,Lucas,Lewis,lucas.lewis7386@example.com,2024-07-21
228,Alexander,Anderson,alexander.anderson9337@example.com,2025-07-31
229,Chloe,Gonzalez,chloe.gonzalez5512@example.com,2023-12-14
230,Evelyn,Ramirez,evelyn.ramirez5326@example.com,2024-05-19
231,Evelyn,Miller,evelyn.miller5814@example.com,2024-08-05
232,Ethan,Rodriguez,ethan.rodriguez9768@example.com,2025-11-02
233,Jack,Rodriguez,jack.rodriguez9107@example.com,2023-11-25
234,Logan,Miller,logan.miller1403@example.com,2024-07-19
235,Ella,Wilson,ella.wilson8005@example.com,2025-06-05
236,Alexander,Davis,alexander.davis7801@example.com,2025-09-06
237,Henry,Thomas,henry.thomas7343@example.com,2023-12-02
238,Noah,Martinez,noah.martinez3631@example.com,2025-01-02
239,Henry,Davis,henry.davis5017@example.com,2025-09-24
240,James,Lopez,james.lopez7754@example.com,2025-06-03
241,Logan,Lopez,logan.lopez6972@example.com,2025-05-31
242,Ethan,Lopez,ethan.lopez7435@example.com,2024-08-18
243,Amelia,Rodriguez,amelia.rodriguez3778@example.com,2024-03-17
244,Ella,Miller,ella.miller5170@example.com,2024-03-16
245,Ella,Moore,ella.moore3034@example.com,2024-05-29
246,Isabella,White,isabella.white7934@example.com,2024-08-24
247,Ella,Jackson,ella.jackson8596@example.com,2025-07-18
248,Amelia,Brown,amelia.brown3181@example.com,2024-09-13
249,Mia,Lopez,mia.lopez2940@example.com,2024-09-19
250,Olivia,Thompson,olivia.thompson8752@example.com,2024-03-23
251,Lucas,Johnson,lucas.johnson894@example.com,2025-06-03
252,Amelia,Thompson,amelia.thompson2069@example.com,2025-08-29
253,Hazel,Harris,hazel.harris8043@example.com,2024-02-28
254,Hazel,Smith,hazel.smith9406@example.com,2024-09-01
255,Evelyn,Thomas,evelyn.thomas7217@example.com,2024-10-28
256,Ava,Johnson,ava.johnson4137@example.com,2025-03-18
257,Liam,Clark,liam.clark1071@example.com,2024-12-29
258,Evelyn,Williams,evelyn.williams9454@example.com,2025-08-20
259,Chloe,Johnson,chloe.johnson2486@example.com,2024-04-15
260,Grace,Jackson,grace.jackson4979@example.com,2024-02-10
261,Mia,Brown,mia.brown9144@example.com,2025-01-14
262,Luna,Martin,luna.martin3698@example.com,2025-05-03
263,Elijah,Anderson,elijah.anderson7254@example.com,2024-09-14
264,Hazel,Jackson,hazel.jackson7026@example.com,2024-09-22
265,James,Martin,james.martin987@example.com,2025-07-31
266,Ella,Brown,ella.brown3405@example.com,2025-08-16
267,Isabella,Rodriguez,isabella.rodriguez1331@example.com,2024-04-23
268,Mia,Garcia,mia.garcia9044@example.com,2024-01-30
269,Ava,Smith,ava.smith6694@example.com,2025-02-18
270,Henry,Martin,henry.martin7700@example.com,2024-09-08
271,Emma,Davis,emma.davis4721@example.com,2025-11-07
272,Amelia,Thompson,amelia.thompson7439@example.com,2024-01-26
273,Chloe,Davis,chloe.davis4335@example.com,2025-08-16
274,James,Perez,james.perez3242@example.com,2025-01-23
275,Liam,Moore,liam.moore3684@example.com,2025-09-08
276,Sophia,Robinson,sophia.robinson4353@example.com,2024-04-08
277,Noah,Johnson,noah.johnson2719@example.com,2024-09-24
278,Luna,White,luna.white9326@example.com,2024-09-05
279,Mason,Brown,mason.brown7680@example.com,2025-10-20
280,Amelia,Thompson,amelia.thompson6595@example.com,2024-08-19
281,Logan,Moore,logan.moore8091@example.com,2025-02-05
282,Noah,Martin,noah.martin654@example.com,2025-01-30
283,Ella,Hernandez,ella.hernandez9892@example.com,2024-07-28
284,Olivia,Williams,olivia.williams3751@example.com,2025-10-05
285,Sebastian,Ramirez,sebastian.ramirez9425@example.com,2025-07-08
286,Olivia,Harris,olivia.harris4416@example.com,2025-06-27
287,Emma,Harris,emma.harris2871@example.com,2025-03-10
288,Logan,Lee,logan.lee7246@example.com,2024-08-25
289,Ava,Jackson,ava.jackson7142@example.com,2025-08-26
290,Sebastian,Thomas,sebastian.thomas1495@example.com,2025-03-10
291,Harper,Wilson,harper.wilson5461@example.com,2024-10-08
292,Chloe,Brown,chloe.brown2635@example.com,2024-10-17
293,Charlotte,Thompson,charlotte.thompson8118@example.com,2024-09-05
294,Chloe,Gonzalez,chloe.gonzalez9013@example.com,2023-12-22
295,Mason,Williams,mason.williams5154@example.com,2024-07-30
296,Ethan,Brown,ethan.brown6623@example.com,2025-04-24
297,Sebastian,Smith,sebastian.smith8890@example.com,2025-03-02
298,Charlotte,Johnson,charlotte.johnson3074@example.com,2025-04-28
299,Harper,Martin,harper.martin8168@example.com,2025-08-16
300,Mason,Harris,mason.harris846@example.com,2024-06-10
301,Lucas,Moore,lucas.moore2147@example.com,2024-09-04
302,Mason,Lewis,mason.lewis7942@example.com,2024-03-18
303,Olivia,Lee,olivia.lee9976@example.com,2024-07-17
304,Henry,Garcia,henry.garcia5092@example.com,2025-06-01
305,Olivia,Moore,olivia.moore6685@example.com,2024-02-18
306,Mia,Clark,mia.clark1859@example.com,2025-03-01
307,Liam,Lee,liam.lee2523@example.com,2025-04-08
308,Scarlett,Thompson,scarlett.thompson4782@example.com,2025-04-19
309,Henry,Rodriguez,henry.rodriguez6808@example.com,2025-03-23
310,Evelyn,Davis,evelyn.davis7484@example.com,2025-06-01
311,Sophia,Gonzalez,sophia.gonzalez3123@example.com,2025-07-20
312,Logan,White,logan.white2237@example.com,2024-01-25
313,Lucas,Harris,lucas.harris6799@example.com,2024-10-28
314,Scarlett,Sanchez,scarlett.sanchez8319@example.com,2024-08-14
315,Sebastian,Smith,sebastian.smith4635@example.com,2024-09-15
316,Sebastian,Jackson,sebastian.jackson9502@example.com,2025-09-20
317,Evelyn,Ramirez,evelyn.ramirez2435@example.com,2025-02-14
318,Abigail,Thomas,abigail.thomas5655@example.com,2024-10-20
319,Abigail,Harris,abigail.harris8904@example.com,2024-12-05
320,Mason,Robinson,mason.robinson5273@example.com,2024-05-26
321,Henry,Davis,henry.davis9369@example.com,2024-12-11
322,Mia,Ramirez,mia.ramirez6731@example.com,2023-12-29
323,Ethan,White,ethan.white7750@example.com,2025-11-06
324,Scarlett,Sanchez,scarlett.sanchez6247@example.com,2024-12-14
325,Chloe,Sanchez,chloe.sanchez2493@example.com,2025-04-05
326,Emma,Jones,emma.jones8230@example.com,2025-07-11
327,Ethan,Ramirez,ethan.ramirez1645@example.com,2025-02-07
328,Liam,Taylor,liam.taylor7487@example.com,2023-11-30
329,Ella,Jones,ella.jones6718@example.com,2025-09-15
330,Sophia,Williams,sophia.williams7693@example.com,2024-08-12
331,Ethan,Martin,ethan.martin6513@example.com,2025-09-10
332,Noah,Ramirez,noah.ramirez5384@example.com,2025-10-05
333,Hazel,Moore,hazel.moore6227@example.com,2024-10-04
334,Benjamin,Thompson,benjamin.thompson7995@example.com,2025-05-22
335,Emma,Martin,emma.martin1122@example.com,2024-07-12
336,Benjamin,Perez,benjamin.perez4709@example.com,2024-07-04
337,Ella,Williams,ella.williams7111@example.com,2024-02-23
338,Alexander,Lee,alexander.lee1647@example.com,2025-02-11
339,Ava,Thompson,ava.thompson4907@example.com,2023-12-14
340,Emma,Hernandez,emma.hernandez920@example.com,2024-09-10
341,Harper,Lopez,harper.lopez7057@example.com,2024-04-12
342,Mia,Taylor,mia.taylor6752@example.com,2025-06-16
343,Chloe,Sanchez,chloe.sanchez2951@example.com,2024-05-07
344,Ava,Williams,ava.williams9986@example.com,2024-12-10
345,Luna,Perez,luna.perez3946@example.com,2025-04-07
346,Scarlett,Jackson,scarlett.jackson2345@example.com,2024-07-09
347,Mason,Lee,mason.lee4162@example.com,2025-02-27
348,Lucas,Perez,lucas.perez154@example.com,2025-03-05
349,Jack,Martinez,jack.martinez8956@example.com,2024-04-24
350,Noah,Anderson,noah.anderson5662@example.com,2025-07-08
351,Amelia,Lee,amelia.lee6952@example.com,2025-10-21
352,Lucas,Anderson,lucas.anderson4950@example.com,2024-06-05
353,Elijah,Ramirez,elijah.ramirez7917@example.com,2024-03-03
354,Mia,Gonzalez,mia.gonzalez9371@example.com,2024-11-16
355,James,Martinez,james.martinez4838@example.com,2023-12-07
356,Sebastian,Perez,sebastian.perez6485@example.com,2024-08-22
357,Olivia,Jackson,olivia.jackson804@example.com,2025-07-27
358,Ella,Thomas,ella.thomas4690@example.com,2024-07-07
359,Luna,Sanchez,luna.sanchez5773@example.com,2024-06-26
360,Benjamin,Miller,benjamin.miller4107@example.com,2025-10-09
361,Alexander,White,alexander.white2241@example.com,2025-08-19
362,Liam,Lewis,liam.lewis646@example.com,2024-09-26
363,Grace,Anderson,grace.anderson547@example.com,2025-06-30
364,Harper,White,harper.white2154@example.com,2024-02-15
365,Scarlett,Martinez,scarlett.martinez5353@example.com,2025-01-13
366,Ava,Miller,ava.miller2166@example.com,2025-05-20
367,Jack,Lopez,jack.lopez8698@example.com,2025-04-11
368,Scarlett,Rodriguez,scarlett.rodriguez2696@example.com,2024-08-04
369,Scarlett,Clark,scarlett.clark7895@example.com,2024-09-12
370,Ella,Ramirez,ella.ramirez5550@example.com,2024-03-11
371,Mason,Williams,mason.williams2307@example.com,2024-07-03
372,Hazel,Perez,hazel.perez6512@example.com,2025-06-07
373,Harper,Williams,harper.williams6465@example.com,2023-11-29
374,Lucas,Moore,lucas.moore2025@example.com,2025-02-22
375,Harper,Perez,harper.perez4296@example.com,2025-07-05
376,Elijah,Clark,elijah.clark6087@example.com,2024-03-04
377,Chloe,Davis,chloe.davis7725@example.com,2023-12-10
378,Luna,Lewis,luna.lewis9199@example.com,2024-10-15
379,Scarlett,Martin,scarlett.martin3627@example.com,2025-09-08
380,Noah,Lee,noah.lee7607@example.com,2025-11-01
381,Amelia,Lee,amelia.lee6690@example.com,2024-03-13
382,Sophia,Johnson,sophia.johnson610@example.com,2024-09-21
383,Evelyn,Brown,evelyn.brown1593@example.com,2024-07-12
384,Jack,Moore,jack.moore2223@example.com,2024-12-16
385,Mason,Lopez,mason.lopez8851@example.com,2025-01-17
386,James,White,james.white2532@example.com,2025-01-12
387,Benjamin,Brown,benjamin.brown8018@example.com,2025-08-06
388,Charlotte,Rodriguez,charlotte.rodriguez537@example.com,2025-10-21
389,Harper,Miller,harper.miller7265@example.com,2025-02-12
390,Mia,Ramirez,mia.ramirez5943@example.com,2024-02-24
391,Chloe,Lopez,chloe.lopez8921@example.com,2025-09-05
392,Harper,Johnson,harper.johnson6524@example.com,2024-08-23
393,Isabella,Brown,isabella.brown7451@example.com,2024-02-16
394,Chloe,Miller,chloe.miller9784@example.com,2023-12-06
395,Emma,Sanchez,emma.sanchez5465@example.com,2024-07-21
396,Sophia,Sanchez,sophia.sanchez9251@example.com,2024-06-12
397,Noah,Clark,noah.clark9081@example.com,2024-06-14
398,James,Miller,james.miller3818@example.com,2024-10-16
399,Alexander,Jones,alexander.jones9765@example.com,2023-11-17
400,Lucas,Ramirez,lucas.ramirez2371@example.com,2024-03-27
401,Abigail,Rodriguez,abigail.rodriguez2859@example.com,2024-03-06
402,Chloe,Ramirez,chloe.ramirez423@example.com,2024-03-28
403,Olivia,Lopez,olivia.lopez3899@example.com,2025-07-09
404,Ethan,Smith,ethan.smith2855@example.com,2024-08-12
405,Emma,Jones,emma.jones6898@example.com,2025-05-06
406,Liam,White,liam.white1042@example.com,2025-03-16
407,Mason,Harris,mason.harris5932@example.com,2025-04-23
408,James,Brown,james.brown7406@example.com,2025-04-13
409,Mia,Martin,mia.martin711@example.com,2025-09-19
410,Logan,Martinez,logan.martinez7505@example.com,2025-09-03
411,Olivia,Johnson,olivia.johnson7848@example.com,2024-12-30
412,Charlotte,Perez,charlotte.perez1769@example.com,2025-03-31
413,Henry,Robinson,henry.robinson7268@example.com,2024-01-29
414,Jack,Williams,jack.williams5278@example.com,2025-07-29
415,Sophia,Williams,sophia.williams2068@example.com,2024-08-22
416,Luna,Lee,luna.lee9591@example.com,2025-05-29
417,Henry,Hernandez,henry.hernandez6241@example.com,2025-07-18
418,Logan,Martinez,logan.martinez7434@example.com,2025-04-15
419,Luna,Wilson,luna.wilson1625@example.com,2025-11-02
420,Liam,Ramirez,liam.ramirez9034@example.com,2024-06-22
421,Charlotte,Anderson,charlotte.anderson3744@example.com,2025-01-11
422,Ethan,Clark,ethan.clark7431@example.com,2024-12-27
423,Charlotte,White,charlotte.white1558@example.com,2024-09-30
424,Charlotte,Hernandez,charlotte.hernandez4177@example.com,2024-12-02
425,Sophia,Perez,sophia.perez7771@example.com,2024-01-22
426,Noah,Clark,noah.clark1399@example.com,2024-02-18
427,Charlotte,Brown,charlotte.brown6106@example.com,2024-03-27
428,Abigail,Johnson,abigail.johnson9609@example.com,2025-06-12
429,Abigail,Hernandez,abigail.hernandez2003@example.com,2025-01-08
430,Harper,Ramirez,harper.ramirez6930@example.com,2024-01-06
431,Amelia,Martin,amelia.martin5120@example.com,2024-11-09
432,Liam,Jackson,liam.jackson8314@example.com,2024-06-19
433,Sophia,Perez,sophia.perez7901@example.com,2024-07-01
434,Hazel,Brown,hazel.brown5737@example.com,2025-06-06
435,Harper,Brown,harper.brown4565@example.com,2025-06-24
436,Mia,Sanchez,mia.sanchez7031@example.com,2025-06-11
437,Alexander,Clark,alexander.clark9122@example.com,2023-12-11
438,Luna,Robinson,luna.robinson4382@example.com,2023-12-14
439,Ava,Rodriguez,ava.rodriguez5063@example.com,2024-10-27
440,Harper,Smith,harper.smith2973@example.com,2024-04-09
441,James,Perez,james.perez6567@example.com,2024-01-25
442,Sophia,White,sophia.white503@example.com,2024-02-16
443,Ella,Taylor,ella.taylor3525@example.com,2024-12-04
444,Charlotte,Anderson,charlotte.anderson5586@example.com,2024-04-24
445,Harper,Martinez,harper.martinez5315@example.com,2025-06-18
446,Luna,Williams,luna.williams862@example.com,2024-04-22
447,Ava,Harris,ava.harris816@example.com,2025-10-05
448,Noah,Rodriguez,noah.rodriguez7260@example.com,2025-09-22
449,Charlotte,Thomas,charlotte.thomas9947@example.com,2025-02-09
450,Charlotte,Rodriguez,charlotte.rodriguez3532@example.com,2025-04-22
451,Liam,Lopez,liam.lopez7044@example.com,2024-03-07
452,Amelia,Perez,amelia.perez9718@example.com,2025-03-27
453,Logan,Perez,logan.perez5054@example.com,2023-12-31
454,Mia,Gonzalez,mia.gonzalez9820@example.com,2024-01-10
455,Olivia,Miller,olivia.miller4939@example.com,2024-06-18
456,Alexander,Jones,alexander.jones4187@example.com,2024-09-06
457,Ethan,Brown,ethan.brown127@example.com,2025-04-07
458,Ella,Wilson,ella.wilson2879@example.com,2024-03-26
459,Elijah,Moore,elijah.moore3771@example.com,2025-04-10
460,Abigail,Clark,abigail.clark5803@example.com,2024-01-27
461,Elijah,Ramirez,elijah.ramirez694@example.com,2025-02-03
462,Olivia,Anderson,olivia.anderson1276@example.com,2024-09-30
463,James,Wilson,james.wilson9395@example.com,2025-01-02
464,Henry,Lee,henry.lee6844@example.com,2024-09-06
465,Liam,Gonzalez,liam.gonzalez342@example.com,2024-10-12
466,Ava,Sanchez,ava.sanchez7539@example.com,2025-10-21
467,Scarlett,Lopez,scarlett.lopez1444@example.com,2025-02-04
468,Hazel,Brown,hazel.brown3987@example.com,2025-02-03
469,James,Gonzalez,james.gonzalez8585@example.com,2024-02-03
470,Elijah,Ramirez,elijah.ramirez5084@example.com,2024-10-27
471,Mia,Hernandez,mia.hernandez2755@example.com,2024-02-01
472,Logan,Lee,logan.lee1869@example.com,2025-05-11
473,Logan,Miller,logan.miller5725@example.com,2024-11-08
474,Ella,Clark,ella.clark2420@example.com,2024-07-13
475,Liam,Jones,liam.jones4194@example.com,2024-06-04
476,Ava,Martin,ava.martin2505@example.com,2025-09-16
477,Noah,Garcia,noah.garcia8096@example.com,2025-03-04
478,Alexander,Jackson,alexander.jackson9495@example.com,2025-02-16
479,Chloe,Robinson,chloe.robinson9249@example.com,2025-09-03
480,Benjamin,Martin,benjamin.martin5296@example.com,2025-08-18
481,Ethan,Jones,ethan.jones7206@example.com,2024-01-23
482,Evelyn,Anderson,evelyn.anderson4962@example.com,2024-08-22
483,James,Johnson,james.johnson5767@example.com,2025-04-17
484,Noah,Martinez,noah.martinez7566@example.com,2025-02-19
485,Emma,Johnson,emma.johnson6042@example.com,2024-09-03
486,Noah,Lee,noah.lee1480@example.com,2025-08-05
487,Luna,Taylor,luna.taylor6300@example.com,2025-03-02
488,James,Moore,james.moore673@example.com,2025-02-17
489,Scarlett,Sanchez,scarlett.sanchez9367@example.com,2025-09-12
490,Isabella,Hernandez,isabella.hernandez9913@example.com,2025-03-16
491,Logan,Jones,logan.jones1014@example.com,2025-02-18
492,Liam,Sanchez,liam.sanchez5627@example.com,2024-02-09
493,Logan,Lee,logan.lee2828@example.com,2023-12-25
494,Mia,Thompson,mia.thompson7173@example.com,2025-02-06
495,Logan,Taylor,logan.taylor9992@example.com,2024-04-25
496,Harper,Lopez,harper.lopez4635@example.com,2024-12-15
497,Charlotte,Harris,charlotte.harris5544@example.com,2025-10-10
498,Luna,Johnson,luna.johnson5483@example.com,2024-01-21
499,Ethan,Brown,ethan.brown9142@example.com,2025-10-09
500,Elijah,Martinez,elijah.martinez4129@example.com,2025-09-17
